ï»¿tweet_id,tweet,language,type,bookmark_count,favorite_count,retweet_count,reply_count,view_count,created_at,client,hashtags,urls,media_type,media_urls,time
1233441223232245760,"Discussing climate, sustainability, and preserving the natural world with President @EmmanuelMacron today in Paris. #BezosEarthFund #ClimatePledge https://t.co/1WJe18nc3l",en,Tweet,209,31299,2454,19430,,2020-02-28 19:17:58,"<a href=""http://twitter.com/download/iphone"" rel=""nofollow"">Twitter for iPhone</a>","#BezosEarthFund,#ClimatePledge",,photo,https://pbs.twimg.com/media/ER4QQJ6U8AAqJD3.jpg,2020-02-28 19:17:58
1224154674804084736,"I just took a DNA test, turns out Iâm 100% @lizzoâs biggest fan. #SBLIV https://t.co/RhOduXk8Qd",en,Tweet,1863,115743,13202,13140,,2020-02-03 04:16:32,"<a href=""http://twitter.com/download/iphone"" rel=""nofollow"">Twitter for iPhone</a>",#SBLIV,,photo,https://pbs.twimg.com/media/EP0SLD4UYAAZ7QA.jpg,2020-02-03 04:16:32
1222572705066536961,"Hey, Alexa â show everyone our upcoming Super Bowl ad. Thanks @TheEllenShow and @PortiaDeRossi! https://t.co/U8Qua3dhwg",en,Tweet,308,21114,2654,3509,,2020-01-29 19:30:21,"<a href=""https://mobile.twitter.com"" rel=""nofollow"">Twitter Web App</a>",,,photo,https://pbs.twimg.com/ext_tw_video_thumb/1222572618252840962/pu/img/5Buqd-ylJa1o94V5.jpg,2020-01-29 19:30:21
1220059386694922240,#Jamal https://t.co/8ej1rUBXVb,qme,Tweet,265,34612,4964,5162,,2020-01-22 21:03:20,"<a href=""https://mobile.twitter.com"" rel=""nofollow"">Twitter Web App</a>",#Jamal,,photo,https://pbs.twimg.com/media/EO6Fi20U8AAqysn.jpg,2020-01-22 21:03:20
1219093283265138688,"Hey, India. Weâre rolling out our new fleet of electric delivery rickshaws. Fully electric. Zero carbon. #ClimatePledge https://t.co/qFXdZOsY4y",en,Tweet,429,72814,9520,6117,,2020-01-20 05:04:23,"<a href=""http://twitter.com/download/iphone"" rel=""nofollow"">Twitter for iPhone</a>",#ClimatePledge,,photo,https://pbs.twimg.com/ext_tw_video_thumb/1219093226734252033/pu/img/KmcVU0_DYopSlun7.jpg,2020-01-20 05:04:23
1218864092825432064,Proud of the program we have in India to hire and train deaf associates at our delivery stations. Managers learn basic sign language to be able to communicate. Meeting this group was a moving experience for me. https://t.co/gGm0dvCjkX,en,Tweet,104,27568,2451,2478,,2020-01-19 13:53:39,"<a href=""http://twitter.com/download/iphone"" rel=""nofollow"">Twitter for iPhone</a>",,,photo,https://pbs.twimg.com/ext_tw_video_thumb/1218863622207803392/pu/img/_uc5JWgOlByG4n_7.jpg,2020-01-19 13:53:39
1218440995731316736,"Amazon partners with thousands of kirana stores all over India as delivery points. Itâs good for customers, and it helps the shop owners earn additional income. Got to visit one in Mumbai. Thank you, Amol, for letting me deliver a package. #MSME https://t.co/VpoHUoJOIH",en,Tweet,88,26757,2432,2106,,2020-01-18 09:52:25,"<a href=""http://twitter.com/download/iphone"" rel=""nofollow"">Twitter for iPhone</a>",#MSME,,photo,"https://pbs.twimg.com/media/EOjE_3yXUAElQoZ.jpg,https://pbs.twimg.com/media/EOjE_3xX4AEIoLB.jpg",2020-01-18 09:52:25
1218137485672251394,Lots of fun on stage with @iamsrk and Zoya Akhtar. https://t.co/wdZ2tEsySX,en,Tweet,182,32409,5027,1616,,2020-01-17 13:46:23,"<a href=""http://twitter.com/download/iphone"" rel=""nofollow"">Twitter for iPhone</a>",,,photo,https://pbs.twimg.com/ext_tw_video_thumb/1218136825824337921/pu/img/9Vu-l4u6wGAZpCky.jpg,2020-01-17 13:46:23
1217751342162173952,Grabbing a quick selfie with @AmitAgarwal at Indiaâs small business summit. Everyone squeeze in a little tighter! #amazonsmbhav https://t.co/IvsciKDyiu,en,Tweet,22,13049,733,1237,,2020-01-16 12:11:59,"<a href=""http://twitter.com/download/iphone"" rel=""nofollow"">Twitter for iPhone</a>",#amazonsmbhav,,photo,https://pbs.twimg.com/media/EOZSWQlVAAA4mDR.jpg,2020-01-16 12:11:59
1217449121981718531,Dynamism. Energy. Democracy. #IndianCentury https://t.co/U6cKJO60Rz,en,Tweet,297,19499,3447,1666,,2020-01-15 16:11:04,"<a href=""https://studio.twitter.com"" rel=""nofollow"">Twitter Media Studio</a>",#IndianCentury,,photo,https://pbs.twimg.com/amplify_video_thumb/1217445443702935552/img/qqzYZ0_YK7b6vpVI.jpg,2020-01-15 16:11:04
1217100229993881600,"Just landed in India and spent a beautiful afternoon paying my respects to someone who truly changed the world. âLive as if you were to die tomorrow. Learn as if you were to live forever."" - Mahatma Gandhi. https://t.co/xDXAT9cBgf",en,Tweet,273,58024,8080,3124,,2020-01-14 17:04:42,"<a href=""https://mobile.twitter.com"" rel=""nofollow"">Twitter Web App</a>",,,photo,https://pbs.twimg.com/ext_tw_video_thumb/1217098198319157248/pu/img/RQZALjICCIh2vcg2.jpg,2020-01-14 17:04:42
1207074776289697794,Toured @LeeMontessori in Washington D.C. with a team from Day 1 Academies. It was great to meet these kids â theyâre energetic and energizing. Lee is doing an amazing job unleashing their love of learning. https://t.co/1eLIFcPeGD,en,Tweet,27,5609,483,1335,,2019-12-18 01:07:07,"<a href=""https://mobile.twitter.com"" rel=""nofollow"">Twitter Web App</a>",,,photo,https://pbs.twimg.com/ext_tw_video_thumb/1207074664020791296/pu/img/Aq-tt-19s7bRif2S.jpg,2019-12-18 01:07:07
1204964350936731649,Picture perfect flight @BlueOrigin. And this vehicle has now flown to space &amp; back six times making this a new milestone. We carried 23 payloads today including thousands of postcards from kids all over the world for @ClubforFuture. Keep them coming kids &amp; weâll keep flying them! https://t.co/ZrjaknJh1t,en,Tweet,60,11123,1363,1237,,2019-12-12 05:21:03,"<a href=""http://twitter.com/download/iphone"" rel=""nofollow"">Twitter for iPhone</a>",,,photo,https://pbs.twimg.com/ext_tw_video_thumb/1204964132979707904/pu/img/KNXto31DxM0Di7Gx.jpg,2019-12-12 05:21:03
1197997251139784704,"Nice! Amazon ranked #1 best managed company. Definitely the result of strong teamwork from people who care deeply and passionately about customers, their fellow employees, and the environment. Huge thank you and kudos to all Amazonians.",en,Tweet,55,9036,1058,2116,,2019-11-22 23:56:17,"<a href=""https://mobile.twitter.com"" rel=""nofollow"">Twitter Web App</a>",,,,,2019-11-22 23:56:17
1197519998161281024,"Excited to announce this year's Bezos Day One grants. Thank you to these 32 organizations in 23 states working to end homelessness. I recently spent time with the amazing team at Community of Hope in Washington, D.C. â one of last yearâs grantees. https://t.co/Lfy5LUWT99 https://t.co/L0JeDUrjAY",en,Tweet,15,3356,420,1057,,2019-11-21 16:19:51,"<a href=""https://mobile.twitter.com"" rel=""nofollow"">Twitter Web App</a>",,http://www.bezosdayonefund.org,photo,https://pbs.twimg.com/ext_tw_video_thumb/1197519649186824194/pu/img/CQlxFaciSxgl6dM0.jpg,2019-11-21 16:19:51
1193891803721687040,"Congrats to David &amp; all the veterans graduating from the Amazon Apprenticeship program who are now in technical careers! They join the more than 21,000 veterans and military spouses working at Amazon. Huge thank you to them and all whoâve served. #VeteransDay #AmazonWarriors https://t.co/Fx6q9KJEkw",en,Tweet,16,6374,487,864,,2019-11-11 16:02:42,"<a href=""https://mobile.twitter.com"" rel=""nofollow"">Twitter Web App</a>","#VeteransDay,#AmazonWarriors",,photo,"https://pbs.twimg.com/media/EJGOQM2UEAI9018.jpg,https://pbs.twimg.com/media/EJGOQM3VUAA0uxl.jpg",2019-11-11 16:02:42
1186752897083760641,"Itâs time to go back to the Moon, this time to stay. @LockheedMartin @northropgrumman @DraperLab @blueorigin #gradatimferociter https://t.co/SMEUdriJhh",en,Tweet,96,8661,1381,1640,,2019-10-23 00:15:14,"<a href=""http://twitter.com/download/iphone"" rel=""nofollow"">Twitter for iPhone</a>",#gradatimferociter,,photo,https://pbs.twimg.com/ext_tw_video_thumb/1186752718624428034/pu/img/pJ-ZIkct5Jc9pXkx.jpg,2019-10-23 00:15:14
1186367004371906560,"Dropped in on an #AmazonFutureEngineer class at Dunbar H.S. in D.C. today. Weâre committed to bringing more resources to kids from underserved communities, and Iâm proud to say weâre now funding computer science in more than 2,000 high schools across the U.S. #NextGeneration https://t.co/HrFdIfrSDf",en,Tweet,80,10896,1268,1187,,2019-10-21 22:41:50,"<a href=""https://mobile.twitter.com"" rel=""nofollow"">Twitter Web App</a>","#AmazonFutureEngineer,#NextGeneration",,photo,https://pbs.twimg.com/ext_tw_video_thumb/1186366874273009664/pu/img/Qtc3Ke89DQSuP09A.jpg,2019-10-21 22:41:50
1176489837517344769,"Thank you to our customers who donated relief items for a second Amazon Air plane of humanitarian aid. Together, more than 400,000 Amazon-donated &amp; customer-donated items have been provided to those affected by #HurricaneDorian in the Bahamas &amp; the US. https://t.co/NAcnQs4mx9 https://t.co/01jh0Y5bZr",en,Tweet,5,4295,382,974,,2019-09-24 16:33:30,"<a href=""https://mobile.twitter.com"" rel=""nofollow"">Twitter Web App</a>",#HurricaneDorian,http://Amazon.com/disasterrelief,photo,"https://pbs.twimg.com/media/EFO7PpRVUAMYtOO.jpg,https://pbs.twimg.com/media/EFO7PpTUUAAA9_B.jpg",2019-09-24 16:33:30
1176310291300093952,"A record year of #Emmy wins for @PrimeVideo - fantastic work. Huge congrats to the winners and teams behind @Fleabag, @MaiselTV, and A Very English Scandal! https://t.co/KS2NLZpY88",en,Tweet,12,3570,237,507,,2019-09-24 04:40:02,"<a href=""https://mobile.twitter.com"" rel=""nofollow"">Twitter Web App</a>",#Emmy,,photo,"https://pbs.twimg.com/media/EFMX9RVU4AA6pw9.jpg,https://pbs.twimg.com/media/EFMX9RUVUAENw2j.jpg,https://pbs.twimg.com/media/EFMX9RVU0AEn_TQ.jpg,https://pbs.twimg.com/media/EFMX9RVU0AIFY_v.jpg",2019-09-24 04:40:02
1175854166066913280,"Good luck to @RachelBros, Phoebe Waller-Bridge, the @MaiselTV and @Fleabag teams, and all @PrimeVideo shows up for #Emmys tonight! https://t.co/mTTj82hfeK",en,Tweet,5,2799,197,406,,2019-09-22 22:27:34,"<a href=""https://mobile.twitter.com"" rel=""nofollow"">Twitter Web App</a>",#Emmys,,photo,https://pbs.twimg.com/media/EFF5HtTUcAACAEb.jpg,2019-09-22 22:27:34
1175149613894045698,"If you canât compete with lower prices and better services, then secretly fund phony âgrassrootsâ attack campaigns. #Ugly. https://t.co/ZyXBZp9dkT",en,Retweet,45,1202,210,288,,2019-09-20 23:47:55,"<a href=""http://twitter.com/download/iphone"" rel=""nofollow"">Twitter for iPhone</a>",#Ugly,https://www.wsj.com/articles/a-grassroots-campaign-to-take-down-amazon-is-funded-by-amazons-biggest-rivals-11568989838,,,2019-09-20 23:47:55
1174704799645720586,"Super excited about The Climate Pledge. Impossible to do this without @CFigueres. So grateful to you, Christiana. #ClimatePledge #Paris10YearsEarly https://t.co/E9hkaLat5V",en,Tweet,11,3019,399,596,,2019-09-19 18:20:23,"<a href=""https://mobile.twitter.com"" rel=""nofollow"">Twitter Web App</a>","#ClimatePledge,#Paris10YearsEarly",,photo,https://pbs.twimg.com/media/EE1jyWfUwAEgVYk.jpg,2019-09-19 18:20:23
1173973723189108736,"Yesterday the first Amazon Air plane loaded with relief items arrived in Nassau, Bahamas to help victims of #HurricaneDorian. The cargo weight was 72,728 lbs, with approx. 19,300 items on board. Huge thanks to the teams across Amazon who made this happen. https://t.co/iY86RGh9AX https://t.co/YFvC8Xl6mW",en,Tweet,7,4473,527,525,,2019-09-17 17:55:21,"<a href=""https://mobile.twitter.com"" rel=""nofollow"">Twitter Web App</a>",#HurricaneDorian,http://amazon.com/disasterrelief,photo,https://pbs.twimg.com/ext_tw_video_thumb/1173973614892208130/pu/img/KQky6jVQO94ANREX.jpg,2019-09-17 17:55:21
1173728216550260736,Shout out to the new Amazonians who let me drop by their New Hire Orientation today. Incredible to welcome so many smart and passionate people from all over the world. Iâm looking forward to our #AmazonCareerDay events tomorrow! https://t.co/JM6CF1uoRW,en,Tweet,10,4007,295,553,,2019-09-17 01:39:48,"<a href=""https://mobile.twitter.com"" rel=""nofollow"">Twitter Web App</a>",#AmazonCareerDay,,photo,https://pbs.twimg.com/media/EEnrlXaVUAAKjLK.jpg,2019-09-17 01:39:48
1172517558336905218,"Visited the amazing @Nia_House Montessori in Nashville with @mike_m_george. Learned a lot thatâs going to help Day 1 Academies. By the way, âNiaâ means âpurposeâ in Swahili. Very cool. https://t.co/OhSQeD5jls",en,Tweet,16,2694,254,500,,2019-09-13 17:29:04,"<a href=""https://mobile.twitter.com"" rel=""nofollow"">Twitter Web App</a>",,,photo,https://pbs.twimg.com/ext_tw_video_thumb/1172517385871351810/pu/img/bbKbN1p44sXfg0wf.jpg,2019-09-13 17:29:04
1171872387492528128,"Today, we announced that we added 24 schools in #Nashville to our #AmazonFutureEngineer program. Loved celebrating the great news by building robots with students from Madison Middle School. https://t.co/PAjMfl4pEw",en,Tweet,21,5352,606,590,,2019-09-11 22:45:24,"<a href=""https://mobile.twitter.com"" rel=""nofollow"">Twitter Web App</a>","#Nashville,#AmazonFutureEngineer",,photo,https://pbs.twimg.com/ext_tw_video_thumb/1171872292386684929/pu/img/6rJklxon4coTGyfj.jpg,2019-09-11 22:45:24
1171060934753734656,We're sending two Amazon Air planes packed with tens of thousands of Amazon-donated and customer-donated relief items to support those impacted by #HurricaneDorian in the Bahamas. Thanks to all the teams who are making this possible. https://t.co/iY86RGh9AX https://t.co/Y3DHueJaXf,en,Tweet,5,5688,697,581,,2019-09-09 17:00:58,"<a href=""https://mobile.twitter.com"" rel=""nofollow"">Twitter Web App</a>",#HurricaneDorian,http://amazon.com/disasterrelief,photo,https://pbs.twimg.com/media/EEBxtWDUUAEIvbW.jpg,2019-09-09 17:00:58
1170697204845039616,Season 2 streams November 1. Canât wait. #JackRyan https://t.co/THDtDjGIpQ,en,Tweet,19,7690,608,578,,2019-09-08 16:55:38,"<a href=""https://mobile.twitter.com"" rel=""nofollow"">Twitter Web App</a>",#JackRyan,,photo,"https://pbs.twimg.com/media/ED8m5DtUUAA6_L4.jpg,https://pbs.twimg.com/media/ED8m5EAU0AEwyqO.jpg",2019-09-08 16:55:38
1170036283315388416,"Rooting for team India. Good luck, India! #Chandrayaan2 https://t.co/iWWSqPs4nz",en,Tweet,83,42531,7288,823,,2019-09-06 21:09:22,"<a href=""https://mobile.twitter.com"" rel=""nofollow"">Twitter Web App</a>",#Chandrayaan2,https://www.space.com/india-chandrayaan-2-moon-south-pole-landing-site.html,,,2019-09-06 21:09:22
1167125742401941504,.@BlueOrigin founded nonprofit @clubforfuture to inspire youth to pursue careers in #STEM + visualize life in space. We asked students to send postcards w/their dreams and weâd send the cards above the KÃ¡rmÃ¡n line to space and back. Weâve received thousands - theyâre so inspiring https://t.co/5fxHoD8DJm,en,Tweet,13,2398,298,406,,2019-08-29 20:23:55,"<a href=""https://mobile.twitter.com"" rel=""nofollow"">Twitter Web App</a>",#STEM,,photo,"https://pbs.twimg.com/media/EDJ2rEPUEAUAeAm.jpg,https://pbs.twimg.com/media/EDJ2rEaUcAARvdc.jpg,https://pbs.twimg.com/media/EDJ2rEpUYAAO1dO.jpg,https://pbs.twimg.com/media/EDJ2rE1UUAAZL4M.jpg",2019-08-29 20:23:55
1166798278375030784,"Had a great meeting with Mike George. Weâre hard at work building Day 1 Academies, and Mike has been busy learning from the best in the field. Here are a few pictures from his listening tour â visiting the smart and kind early educators from schools across the country. https://t.co/ty1ngS2JCA",en,Tweet,9,3496,251,442,,2019-08-28 22:42:42,"<a href=""https://mobile.twitter.com"" rel=""nofollow"">Twitter Web App</a>",,,photo,"https://pbs.twimg.com/media/EDFM2LdUUAAMU3v.jpg,https://pbs.twimg.com/media/EDFM2LgVUAAOEI1.jpg",2019-08-28 22:42:42
1157478525575684097,BE-4 continues to rack up time on the test stand. Hereâs a great shot of our full power engine test today #GradatimFerociter https://t.co/93s6JcyBqR,en,Retweet,6,3452,429,457,,2019-08-03 05:29:20,"<a href=""https://mobile.twitter.com"" rel=""nofollow"">Twitter Web App</a>",#GradatimFerociter,,photo,https://pbs.twimg.com/media/EBAwlE0UYAEBJp8.jpg,2019-08-03 05:29:20
1145345436846157824,#Pride https://t.co/mYq5XuA9Ks,qme,Tweet,11,4781,376,914,,2019-06-30 17:56:46,"<a href=""http://twitter.com"" rel=""nofollow"">Twitter Web Client</a>",#Pride,,photo,"https://pbs.twimg.com/media/D-UVUhCU8AI6EeN.jpg,https://pbs.twimg.com/media/D-UVX2KUcAEQ1AH.jpg",2019-06-30 17:56:46
1141770282773831681,"So much fun with Caroline Kennedy yesterday at the #JFKSpaceSummit. Her fatherâs Rice speech still inspires. We choose to do these things ânot because they are easy, but because they are hard.â #Apollo50 https://t.co/ZmyBDxzK4V",en,Tweet,22,4766,409,743,,2019-06-20 21:10:23,"<a href=""http://twitter.com"" rel=""nofollow"">Twitter Web Client</a>","#JFKSpaceSummit,#Apollo50",,photo,https://pbs.twimg.com/media/D9hh3R_WsAErmAb.jpg,2019-06-20 21:10:23
1141520394022576128,First hotfire of our #BE7 lunar landing engine just yesterday at Marshall Space Flight Center. Data looks great and hardware is in perfect condition. Test went full planned duration â 35 seconds. Kudos to the whole @BlueOrigin team and grateful to @NASA_Marshall for all the help! https://t.co/cTjjrngumY,en,Tweet,25,5953,770,519,,2019-06-20 04:37:25,"<a href=""http://twitter.com"" rel=""nofollow"">Twitter Web Client</a>",#BE7,,photo,https://pbs.twimg.com/ext_tw_video_thumb/1141519940559630336/pu/img/Eu5tttsUnWJbZuWw.jpg,2019-06-20 04:37:25
1140285639071416320,"Happy Fatherâs Day. Youâre there for me always, and I feel it. I love you, Dad. https://t.co/o85JWRSTBn",en,Tweet,43,18932,890,980,,2019-06-16 18:50:56,"<a href=""http://twitter.com"" rel=""nofollow"">Twitter Web Client</a>",,,photo,https://pbs.twimg.com/media/D9MbgJmVUAAF7aU.jpg,2019-06-16 18:50:56
1138206602043936769,My momâs incredible story. Wow. So grateful. So proud. #Grit https://t.co/msi2nHqikf,en,Tweet,91,5351,508,536,,2019-06-11 01:09:35,"<a href=""http://twitter.com"" rel=""nofollow"">Twitter Web Client</a>",#Grit,,photo,https://pbs.twimg.com/ext_tw_video_thumb/1138206022525378562/pu/img/FPIy73ta2P9iMOP3.jpg,2019-06-11 01:09:35
1136707086933299200,Got a chance to scout some of the cool tech at the first #reMARS event. @HaptX @Rivian @hseas @wyssinstitute https://t.co/bvG5afbn50,en,Tweet,90,7419,1188,543,,2019-06-06 21:51:03,"<a href=""http://twitter.com"" rel=""nofollow"">Twitter Web Client</a>",#reMARS,,photo,https://pbs.twimg.com/ext_tw_video_thumb/1136706523822903296/pu/img/RSw0RUkYMcaTaAtG.jpg,2019-06-06 21:51:03
1136489170841546752,Leoâs story is amazing and so is his mom. #AmazonFutureEngineer https://t.co/QQPKg3GZ2T,en,Tweet,45,3705,514,376,,2019-06-06 07:25:07,"<a href=""http://twitter.com"" rel=""nofollow"">Twitter Web Client</a>",#AmazonFutureEngineer,,photo,https://pbs.twimg.com/ext_tw_video_thumb/1136488761452355584/pu/img/GgjDyG8l7PmaMJpB.jpg,2019-06-06 07:25:07
1136474105220407298,".@AmazonreMARS is all about bringing the best and brightest together, so itâs fitting that I got to meet Leo â one of the first 100 recipients of the #AmazonFutureEngineer scholarship. I have no doubt Leo is going to be an inventor of tomorrow. https://t.co/vhQzZzA4kl",en,Tweet,21,3313,429,366,,2019-06-06 06:25:16,"<a href=""http://twitter.com"" rel=""nofollow"">Twitter Web Client</a>",#AmazonFutureEngineer,,photo,https://pbs.twimg.com/ext_tw_video_thumb/1136473524523216897/pu/img/sCE4_9qf6AXsOPs9.jpg,2019-06-06 06:25:16
1133366998874804224,"MacKenzie is going to be amazing and thoughtful and effective at philanthropy, and Iâm proud of her. Her letter is so beautiful. Go get âem MacKenzie. https://t.co/S2gLLBQyRQ",en,Tweet,88,8076,913,1361,,2019-05-28 16:38:44,"<a href=""http://twitter.com"" rel=""nofollow"">Twitter Web Client</a>",,https://givingpledge.org/Pledger.aspx?id=393,,,2019-05-28 16:38:44
1133007488721117184,Grateful on this #MemorialDay to the fallen servicemen and women â and their families â for the ultimate sacrifice they made in defending and supporting our nation. The flag in the picture is on display on the factory wall at @BlueOrigin to remind us every day. https://t.co/6Qir3sk3mt,en,Tweet,5,3516,304,342,,2019-05-27 16:50:10,"<a href=""http://twitter.com"" rel=""nofollow"">Twitter Web Client</a>",#MemorialDay,,photo,https://pbs.twimg.com/media/D7lAJujV4AAGkG8.jpg,2019-05-27 16:50:10
1131446048386240513,Great annual shareholder meeting today. #Amazon https://t.co/g9keKvGyq0,en,Tweet,38,2138,241,394,,2019-05-23 09:25:33,"<a href=""http://twitter.com"" rel=""nofollow"">Twitter Web Client</a>",#Amazon,https://youtu.be/vwsO238zoEQ,,,2019-05-23 09:25:33
1129010348286046208,My dadâs journey to the U.S. shows how people come together to help each other. We got a chance to celebrate him last night for the opening of the Statue of Libertyâs new museum. This is his story. https://t.co/VdOtlPY953 https://t.co/E4C1KPho2u,en,Tweet,139,8083,1942,687,,2019-05-16 16:06:57,"<a href=""https://mobile.twitter.com"" rel=""nofollow"">Twitter Web App</a>",,http://bit.ly/2HsArU6,photo,https://pbs.twimg.com/ext_tw_video_thumb/1129010005896622081/pu/img/EDqNdAfwNdUwo0Q4.jpg,2019-05-16 16:06:57
1128828279329181696,"At the Statue of Liberty, where my dadâs being honored with a Liberty Star as part of the new museumâs opening. When he came here from Cuba at 16, not only was he all alone, but he only spoke Spanish. His grit, determination, and optimism are inspiring. #StatueofLibertyMuseum https://t.co/DFhR3Dbf7p",en,Tweet,65,15495,2112,787,,2019-05-16 04:03:29,"<a href=""http://twitter.com"" rel=""nofollow"">Twitter Web Client</a>",#StatueofLibertyMuseum,,photo,https://pbs.twimg.com/ext_tw_video_thumb/1128828157203607552/pu/img/zriFE4Nm_4Df0krL.jpg,2019-05-16 04:03:29
1128409227481964544,"Weâre investing $1.5 billion in our new air hub to get you your packages faster. Three million square feet, and itâs going to create 2,000 jobs. And if youâre guessing that driving a front loader was fun, youâre right! #amazon #prime https://t.co/Cud4orKrC4",en,Tweet,66,11545,1835,1056,,2019-05-15 00:18:19,"<a href=""http://twitter.com"" rel=""nofollow"">Twitter Web Client</a>","#amazon,#prime",,photo,https://pbs.twimg.com/ext_tw_video_thumb/1128408927048089600/pu/img/Riamu2PA9EgxgcWp.jpg,2019-05-15 00:18:19
1127573586716385280,"Iâm lucky enough to call her my mom. Sheâs kind, patient, supportive, and has always encouraged me to stay curious. Happy Motherâs Day, Mom! https://t.co/n1UZV3muZe",en,Tweet,28,10963,599,534,,2019-05-12 16:57:47,"<a href=""http://twitter.com"" rel=""nofollow"">Twitter Web Client</a>",,,photo,https://pbs.twimg.com/ext_tw_video_thumb/1127573265994506241/pu/img/LN6zp9Mvns7IXU7G.jpg,2019-05-12 16:57:47
1126634588560748545,"Blue Origin is building the infrastructure needed to unleash the next generation of dreamers. I met these young people today, and the future is in great hands. #BlueMoon @clubforfuture https://t.co/F2zPM5PngM",en,Tweet,23,4770,778,416,,2019-05-10 02:46:32,"<a href=""http://twitter.com"" rel=""nofollow"">Twitter Web Client</a>",#BlueMoon,,photo,https://pbs.twimg.com/media/D6KcIeMU8AAkKjD.jpg,2019-05-10 02:46:32
1126617451549085699,"Today, our founder shared our vision to go to space to benefit Earth. We must return to the Moonâthis time to stay. Weâre ready to support @NASA in getting there by 2024 with #bluemoon. https://t.co/UqQyMa9Zcn",en,Retweet,24,6007,1586,338,,2019-05-10 01:38:26,"<a href=""http://twitter.com"" rel=""nofollow"">Twitter Web Client</a>",#bluemoon,,photo,https://pbs.twimg.com/media/D6KMX1ZW4AAFZ01.jpg,2019-05-10 01:38:26
1124115283554078720,Congrats to the whole @blueorigin team!,en,Tweet,7,3436,378,334,,2019-05-03 03:55:43,"<a href=""http://twitter.com"" rel=""nofollow"">Twitter Web Client</a>",,,,,2019-05-03 03:55:43
1116317620670582789,"Been an honor &amp; pleasure having Tom Alberg on Amazonâs Board. Tom joined in 1996 and has been with us ever since - over 22 years. Iâll miss his sound judgment, deep well of business &amp; life experience, and his quick wit. He's a smart business person and even better human. Thx Tom!",en,Tweet,10,3562,204,528,,2019-04-11 15:30:35,"<a href=""http://twitter.com"" rel=""nofollow"">Twitter Web Client</a>",,,,,2019-04-11 15:30:35
1107991131147534336,"Thank you @FestoAG, but bigger pleaseâ¦. I want to get on! #ThinkBig #MARS2019 https://t.co/uXqvkf623B",en,Tweet,47,7162,1037,723,,2019-03-19 15:04:05,"<a href=""http://twitter.com"" rel=""nofollow"">Twitter Web Client</a>","#ThinkBig,#MARS2019",,photo,https://pbs.twimg.com/ext_tw_video_thumb/1107990333042810883/pu/img/dcaVmwpPMsLdBlPV.jpg,2019-03-19 15:04:05
1093643321732464646,"Iâve written a post about developments with the National Enquirer and its parent company, AMI. You can find it here: https://t.co/G1ykJAPPwy",en,Tweet,1090,79363,22150,10711,,2019-02-08 00:51:01,"<a href=""http://twitter.com"" rel=""nofollow"">Twitter Web Client</a>",,https://medium.com/@jeffreypbezos/no-thank-you-mr-pecker-146e3922310f,,,2019-02-08 00:51:01
1092255287472320512,"Grateful for the journalists at the @washingtonpost and around the world who do the work, no matter the risk or dangers they face.
#democracydiesindarkness #SuperBowlAd https://t.co/faO74lvSs5 https://t.co/37PLrNLJe0",en,Tweet,164,26403,5753,2173,,2019-02-04 04:55:28,"<a href=""http://twitter.com/download/iphone"" rel=""nofollow"">Twitter for iPhone</a>","#democracydiesindarkness,#SuperBowlAd",https://wapo.st/democracydiesindarkness,photo,https://pbs.twimg.com/ext_tw_video_thumb/1092255211127693312/pu/img/ddq42emBQrCD0SRJ.jpg,2019-02-04 04:55:28
1080261240423964672,"I have outstanding news to ring in 2019. Former Alexa VP &amp; long-time Amazonian Mike George has agreed to lead the Day 1 Academies Fund. Mike is a true builder who knows how to start from scratch, and heâll bring tremendous energy, grit, and passion to the job. Thank you, Mike! https://t.co/K01N1NZ8ag",en,Tweet,19,6474,656,670,,2019-01-02 02:35:24,"<a href=""http://twitter.com"" rel=""nofollow"">Twitter Web Client</a>",,,photo,https://pbs.twimg.com/media/Dv3a8aGWwAAUcuz.jpg,2019-01-02 02:35:24
1064882081249951744,Excited to announce the first annual grants from the Bezos Day 1 Families Fund. $97.5 million to 24 organizations doing needle-moving work on family homelessness. Congrats to the recipients â we know youâll spend the money wisely and with heart. https://t.co/aF4Src09zC https://t.co/MMCil3l2cw,en,Tweet,22,7206,1013,1037,,2018-11-20 16:04:07,"<a href=""http://twitter.com"" rel=""nofollow"">Twitter Web Client</a>",,https://www.bezosdayonefund.org/day1familiesfund,photo,https://pbs.twimg.com/media/Dsc4Oj8U4AAFK6P.jpg,2018-11-20 16:04:07
1062120332251684864,"Had the privilege today of unveiling our newest Amazon Air 767 - ""Valor"" - named in honor of the thousands of Amazonian veterans and military spouses delivering for our customers every day. #VeteransDay #AmazonWarriors https://t.co/bKHDQgb1TN",en,Tweet,27,8679,1147,758,,2018-11-13 01:09:55,"<a href=""http://twitter.com"" rel=""nofollow"">Twitter Web Client</a>","#VeteransDay,#AmazonWarriors",,photo,https://pbs.twimg.com/ext_tw_video_thumb/1062120123262103553/pu/img/tjp7TRo_ECmvGnAs.jpg,2018-11-13 01:09:55
1058012110947373057,"Yep, thatâs me. I was lucky to be exposed to tech and coding at a young age. Inspired a lifelong love of invention. I hope the new Amazon Future Engineer program does the same for some kids today. https://t.co/xNUdyVMOnb https://t.co/RPZEiIHSap",en,Tweet,119,11499,2106,934,,2018-11-01 17:05:18,"<a href=""http://twitter.com"" rel=""nofollow"">Twitter Web Client</a>",,https://www.amazonfutureengineer.com/,photo,https://pbs.twimg.com/media/Dq7OJv7UcAAnbjy.jpg,2018-11-01 17:05:18
1054739581533188096,Amazon just won The American Foundation for the Blindâs Helen Keller award! Huge kudos to the whole team on working so hard to make our products accessible to the vision impaired! @afb1921,en,Tweet,6,2718,404,457,,2018-10-23 17:21:27,"<a href=""http://twitter.com"" rel=""nofollow"">Twitter Web Client</a>",,,,,2018-10-23 17:21:27
1051983010722013184,Very sad to hear of Paul Allenâs passing. His passion for invention and pushing forward inspired so many. He was relentless to the end. My heart goes out to Paulâs family and friends.,en,Tweet,17,10377,1494,372,,2018-10-16 02:47:49,"<a href=""http://twitter.com"" rel=""nofollow"">Twitter Web Client</a>",,,,,2018-10-16 02:47:49
1050136574090825728,"Thank you to the @usairforce for your confidence in the @BlueOrigin team and our #NewGlenn rocket. We are proud to serve the national security space community and are committed to providing safe, reliable access to space for the nation. #GradatimFerociter https://t.co/AeO3xXhnUi",en,Tweet,8,4252,662,448,,2018-10-11 00:30:44,"<a href=""http://twitter.com"" rel=""nofollow"">Twitter Web Client</a>","#NewGlenn,#GradatimFerociter",,photo,https://pbs.twimg.com/media/DpLVZ0oV4AAslvv.jpg,2018-10-11 00:30:44
1047152109508997121,"Thank you @SenSanders. Weâre excited about this, and also hope others will join in.",en,Tweet,37,17909,3206,1413,,2018-10-02 18:51:32,"<a href=""http://twitter.com"" rel=""nofollow"">Twitter Web Client</a>",,,,,2018-10-02 18:51:32
1045423889856192512,Big win for @BlueOrigin today! And a big thank you to @ulalaunch for choosing our BE-4 engine. Excited to be a part of Vulcanâs mission to space. #21stCenturyEngine #AllAmericanEngine #GradatimFerociter,en,Tweet,5,2704,454,293,,2018-09-28 00:24:13,"<a href=""http://twitter.com"" rel=""nofollow"">Twitter Web Client</a>","#21stCenturyEngine,#AllAmericanEngine,#GradatimFerociter",,,,2018-09-28 00:24:13
1042108453295013888,"Incredible work from the whole @MaiselTV team for 8 #Emmys wins, including Outstanding Comedy Series. Woohoo! https://t.co/mfAwDkVX6s",en,Tweet,6,2267,237,324,,2018-09-18 20:49:51,"<a href=""http://twitter.com"" rel=""nofollow"">Twitter Web Client</a>",#Emmys,,photo,https://pbs.twimg.com/media/DnZOIRSVAAU98ii.jpg,2018-09-18 20:49:51
1019742477018730496,Super proud of the entire Blue Team who came together and made it happen #nevergetsold #gradatimferociter,en,Tweet,6,2567,372,1034,,2018-07-19 03:35:27,"<a href=""http://twitter.com"" rel=""nofollow"">Twitter Web Client</a>","#nevergetsold,#gradatimferociter",,,,2018-07-19 03:35:27
1019737114093629441,"Appreciate the support, Mr. Vice President. Iâm thrilled to report from West Texas that the team nailed it today #launchlandrepeat",en,Tweet,4,2015,221,342,,2018-07-19 03:14:08,"<a href=""http://twitter.com"" rel=""nofollow"">Twitter Web Client</a>",#launchlandrepeat,,,,2018-07-19 03:14:08
1019641106533937152,Crew Capsule looks great even after it was pushed hard by the escape test. Astronauts would have had an exhilarating ride and safe landing. Great engineering and the lucky boots worked again @BlueOrigin #GradatimFerociter https://t.co/ireJ3rWEvs,en,Tweet,8,3905,494,434,,2018-07-18 20:52:38,"<a href=""http://twitter.com"" rel=""nofollow"">Twitter Web Client</a>",#GradatimFerociter,,photo,https://pbs.twimg.com/media/DiZ-GYYU0AAp4kn.jpg,2018-07-18 20:52:38
1013467826999267328,Wishing @SpecialOlympics tennis competitor (and Amazonian!) Leonard Flowers luck in the @2018USAGames this week! Great event and weâre proud to be a presenting sponsor. #ChooseToInclude https://t.co/kx6igcmb6e,en,Tweet,3,3475,343,559,,2018-07-01 20:02:13,"<a href=""http://twitter.com"" rel=""nofollow"">Twitter Web Client</a>",#ChooseToInclude,,photo,https://pbs.twimg.com/media/DhCPhU8UEAAMgS3.jpg,2018-07-01 20:02:13
1008348645605797890,"My dad came here from Cuba all by himself without speaking English when he was 16 years old, and has been kicking ass ever since. Thank you for all the love and heart, Dad! https://t.co/nuavG0yEtM",en,Tweet,52,24133,2707,941,,2018-06-17 17:00:25,"<a href=""http://twitter.com"" rel=""nofollow"">Twitter Web Client</a>",,,photo,https://pbs.twimg.com/media/Df5fkQfUEAAfbkd.jpg,2018-06-17 17:00:25
1001187602622439427,Iâm enjoying this day with my kids but also remembering. Remembering the many sons and daughters who have given up their lives for us and for our sons and daughters. #MemorialDay #HireVets #HireMilitarySpouses https://t.co/mdSr0Ylapx,en,Tweet,5,5167,544,425,,2018-05-28 22:45:00,"<a href=""http://twitter.com"" rel=""nofollow"">Twitter Web Client</a>","#MemorialDay,#HireVets,#HireMilitarySpouses",,photo,https://pbs.twimg.com/media/DeTut09V4AEXmDY.jpg,2018-05-28 22:45:00
996609529323245568,Tom Wolfe was an amazing journalist and author. Thank you for showing us all what it took to have âThe Right Stuffâ. https://t.co/ObMeU4S92S,en,Tweet,7,2784,334,303,,2018-05-16 07:33:22,"<a href=""http://twitter.com"" rel=""nofollow"">Twitter Web Client</a>",,,photo,https://pbs.twimg.com/media/DdSq1PsVMAA-0zd.jpg,2018-05-16 07:33:22
995680729106341888,"You shaped us, you protected us, you let us fall, you picked us up, and you LOVED us, always and unconditionally. Thank you for everything. I love you, Mom. https://t.co/Z8YGMO55C9",en,Tweet,12,7703,496,398,,2018-05-13 18:02:39,"<a href=""http://twitter.com"" rel=""nofollow"">Twitter Web Client</a>",,,photo,https://pbs.twimg.com/media/DdFeVMgUQAEOfKZ.jpg,2018-05-13 18:02:39
992765968182001665,"Love this quote. Itâs been on my fridge for years, and I see it every time I open the door. #Emerson https://t.co/kN8HjM4bOI",en,Tweet,1077,39277,13212,1344,,2018-05-05 17:00:26,"<a href=""http://twitter.com"" rel=""nofollow"">Twitter Web Client</a>",#Emerson,,photo,https://pbs.twimg.com/media/DccC8YOU0AEEH4o.jpg,2018-05-05 17:00:26
991799694664679425,ð @ConanOBrien @BlueOrigin https://t.co/x3BiCpaLQA,qme,Tweet,13,6800,1097,466,,2018-05-03 01:00:48,"<a href=""http://twitter.com"" rel=""nofollow"">Twitter Web Client</a>",,,photo,https://pbs.twimg.com/media/DcOUTx0XUAAEhFJ.jpg,2018-05-03 01:00:48
990755397542723584,Highlights from todayâs mission. Donât miss the Nerf ball doing a few backflips in zero gravity. #GradatimFerociter @BlueOrigin https://t.co/YxlJRt0MXc,en,Tweet,26,6942,1830,385,,2018-04-30 03:51:08,"<a href=""http://twitter.com"" rel=""nofollow"">Twitter Web Client</a>",#GradatimFerociter,,photo,https://pbs.twimg.com/ext_tw_video_thumb/990754894431698945/pu/img/s2RBuJb_aKyxamcX.jpg,2018-04-30 03:51:08
990692677963284480,The lucky boots worked again. Huge kudos and thanks to the entire @BlueOrigin team. #GradatimFerociter https://t.co/P9cUqRNbYv,en,Tweet,9,3632,418,239,,2018-04-29 23:41:55,"<a href=""http://twitter.com"" rel=""nofollow"">Twitter Web Client</a>",#GradatimFerociter,,photo,https://pbs.twimg.com/media/Db-lsbZU0AAkjp8.jpg,2018-04-29 23:41:55
990663519900184577,"Apogee of 351,000 feet (66 miles, 107 kilometers), and thatâs the altitude weâve been targeting for operations. One step closer. #GradatimFerociter @BlueOrigin",en,Tweet,3,3009,402,193,,2018-04-29 21:46:03,"<a href=""http://twitter.com"" rel=""nofollow"">Twitter Web Client</a>",#GradatimFerociter,,,,2018-04-29 21:46:03
989851170545029120,"Launch preparations are underway for New Shepardâs 8th test flight, as we continue our progress toward human spaceflight. Currently targeting Sunday 4/29 with launch window opening up at 830am CDT. Livestream info to come. @BlueOrigin #GradatimFerociter https://t.co/zAYpAGWB8C",en,Tweet,4,5283,1087,304,,2018-04-27 15:58:04,"<a href=""http://twitter.com"" rel=""nofollow"">Twitter Web Client</a>",#GradatimFerociter,,photo,https://pbs.twimg.com/media/Dbyn0HsUwAEw9SG.jpg,2018-04-27 15:58:04
988154007813173248,"Dog sledding above the Arctic Circle in Norway. Jim Lovell says itâs not that you go to heaven when you die, but âyou go to heaven when youâre born.â Earth is the best planet in our solar system. We go to space to save the Earth. @BlueOrigin #NoPlanB #GradatimFerociter #EarthDay https://t.co/q0Y9A4KSLm",en,Tweet,34,8080,1166,556,,2018-04-22 23:34:09,"<a href=""http://twitter.com"" rel=""nofollow"">Twitter Web Client</a>","#NoPlanB,#GradatimFerociter,#EarthDay",,photo,https://pbs.twimg.com/ext_tw_video_thumb/988153474348011520/pu/img/2GVZ-QxTl4B5PK20.jpg,2018-04-22 23:34:09
987494749559926784,Honored to speak at @TheBushCenter Forum on Leadership tonight with Ken Hersh. The spirit of former First Lady Barbara Bush was very much felt at the event. https://t.co/E4TJR9KKs9,en,Tweet,7,2391,276,196,,2018-04-21 03:54:29,"<a href=""http://twitter.com"" rel=""nofollow"">Twitter Web Client</a>",,,photo,https://pbs.twimg.com/media/DbRIc72U0AACUFf.jpg,2018-04-21 03:54:29
986547483743436801,"At @BestBuy catching up with CEO Hubert Joly and announcing our collaboration on the next generation of smart TVs. Couldnât ask for a better partner, and the product is killer. Full Alexa integration: âAlexa, watch ABCâ or âAlexa, watch Westworld.â #FireTVEdition https://t.co/Dsq8VBOSA7",en,Tweet,14,4497,860,342,,2018-04-18 13:10:23,"<a href=""http://twitter.com"" rel=""nofollow"">Twitter Web Client</a>",#FireTVEdition,,photo,https://pbs.twimg.com/media/DbDrsJ9VwAAY9OA.jpg,2018-04-18 13:10:23
986016459351515136,"Great reporting requires patience, grit and a willingness to follow a story wherever it leads, whether Alabama or Moscow. Proud of @washingtonpost #Pulitzer winners! And big congrats to the @nytimes, as well! #DemocracyDiesInDarkness https://t.co/MBMWhh1cQR",en,Tweet,25,14308,3390,521,,2018-04-17 02:00:17,"<a href=""http://twitter.com"" rel=""nofollow"">Twitter Web Client</a>","#Pulitzer,#DemocracyDiesInDarkness",https://www.washingtonpost.com/news/national/wp/2018/04/16/feature/washington-post-wins-pulitzer-prizes-for-roy-moore-investigation-russia-reporting/,,,2018-04-17 02:00:17
985682558405885952,I love Dwayne Johnson @TheRock. Still working on my smolder https://t.co/8GmuZIyFwK https://t.co/WyckQV6rrY,en,Tweet,11,4280,367,287,,2018-04-16 03:53:29,"<a href=""http://twitter.com"" rel=""nofollow"">Twitter Web Client</a>",,https://youtu.be/gJN7-jC7x8w?t=173,photo,https://pbs.twimg.com/media/Da3Y2gwUQAA1GqI.jpg,2018-04-16 03:53:29
985664806567927808,Very comfortable on my kidsâ giant panda doing email and putting final touches on this yearâs annual shareholder letter. About to take the kids to see Rampage... https://t.co/OrmMpV4VGj,en,Tweet,13,7859,511,586,,2018-04-16 02:42:57,"<a href=""http://twitter.com"" rel=""nofollow"">Twitter Web Client</a>",,,photo,https://pbs.twimg.com/media/Da3InPbVAAAB3wZ.jpg,2018-04-16 02:42:57
985300754134007809,I made pancakes on this rainy Seattle morning for @ciara and @DangeRussWilson. These guys are as fun as they are talented. Inspiring too. And Russ and I ate our weight in pancakes! #funfriends https://t.co/MWST7oXbVs,en,Tweet,9,5534,529,358,,2018-04-15 02:36:20,"<a href=""http://twitter.com"" rel=""nofollow"">Twitter Web Client</a>",#funfriends,,photo,https://pbs.twimg.com/media/Dax8nMHUQAAi_73.jpg,2018-04-15 02:36:20
981311629022314496,Horrible and truly tragic day for YouTube and Google. We are wishing all our very best for the injured and all those affected.,en,Tweet,8,15222,1903,443,,2018-04-04 02:24:58,"<a href=""http://twitter.com"" rel=""nofollow"">Twitter Web Client</a>",,,,,2018-04-04 02:24:58
975847153468768256,Taking my new dog for a walk at the #MARS2018 conference. #BostonDynamics https://t.co/vE6CXrvV3o,en,Tweet,53,26832,6566,1920,,2018-03-19 23:31:06,"<a href=""http://twitter.com"" rel=""nofollow"">Twitter Web Client</a>","#MARS2018,#BostonDynamics",,photo,https://pbs.twimg.com/media/DYrm4spVQAAINut.jpg,2018-03-19 23:31:06
974344409377460224,Thank you to the @NatReconOfc for having me over to speak. You donât want to even imagine the world without these professionals doing the job they do. https://t.co/f3cHWbKwjq,en,Tweet,5,1062,154,175,,2018-03-15 19:59:44,"<a href=""http://twitter.com"" rel=""nofollow"">Twitter Web Client</a>",,https://twitter.com/NatReconOfc/status/974057709862612992,,,2018-03-15 19:59:44
973696994332983299,"New test video of Blueâs 550K lbf thrust, ox-rich staged combustion, LNG-fueled BE-4 engine. The test is a mixture ratio sweep at 65% power level and 114 seconds in duration. Methane (or LNG) has proved to be an outstanding fuel choice. @BlueOrigin #GradatimFerociter https://t.co/zWV0jWXIvx",en,Tweet,15,4578,976,330,,2018-03-14 01:07:08,"<a href=""http://twitter.com"" rel=""nofollow"">Twitter Web Client</a>",#GradatimFerociter,,photo,https://pbs.twimg.com/ext_tw_video_thumb/973695880984342528/pu/img/jAQyGl08UlvlGnAI.jpg,2018-03-14 01:07:08
972561435036344320,Kirk or Picard? Picard! #FinalFrontier #GoBoldly https://t.co/mEohTVuKIs,en,Tweet,16,8333,836,629,,2018-03-10 21:54:50,"<a href=""http://twitter.com"" rel=""nofollow"">Twitter Web Client</a>","#FinalFrontier,#GoBoldly",,photo,https://pbs.twimg.com/media/DX86PSVVMAAR5w1.jpg,2018-03-10 21:54:50
966312919079112705,Happy to announce that Amazon Studios is adapting Iain M. Banksâ amazing Culture series â a huge personal favorite â as a TV series. Canât wait! https://t.co/wgEmv65Pm3 https://t.co/NhCGUyRt2L,en,Tweet,11,4892,1298,1071,,2018-02-21 16:05:27,"<a href=""http://twitter.com"" rel=""nofollow"">Twitter Web Client</a>",,http://phx.corporate-ir.net/phoenix.zhtml?c=176060&p=irol-newsArticle&ID=2333693,photo,https://pbs.twimg.com/media/DWkGusqUQAAXeXj.jpg,2018-02-21 16:05:27
965957024109379602,"Installation has begunâ500 ft tall, all mechanical, powered by day/night thermal cycles, synchronized at solar noon, a symbol for long-term thinkingâthe #10000YearClock is coming together thx to the genius of Danny Hillis, Zander Rose &amp; the whole Clock team! Enjoy the video. https://t.co/FYIyaUIbdJ",en,Tweet,65,10357,3467,766,,2018-02-20 16:31:15,"<a href=""http://twitter.com"" rel=""nofollow"">Twitter Web Client</a>",#10000YearClock,,photo,https://pbs.twimg.com/ext_tw_video_thumb/965951579017961473/pu/img/XWKS5n3kGHgSyBBT.jpg,2018-02-20 16:31:15
961033484536971264,@elonmusk @SpaceX @blueorigin Woohoo! ððð,en,Reply,0,4315,380,105,,2018-02-07 02:26:52,"<a href=""http://twitter.com"" rel=""nofollow"">Twitter Web Client</a>",,,,,2018-02-07 02:26:52
960521086298238976,"Best of luck @SpaceX with the Falcon Heavy launch tomorrow â hoping for a beautiful, nominal flight! @BlueOrigin #GradatimFerociter",en,Tweet,11,23183,2364,483,,2018-02-05 16:30:47,"<a href=""http://twitter.com"" rel=""nofollow"">Twitter Web Client</a>",#GradatimFerociter,,,,2018-02-05 16:30:47
959796196247142400,The stunning Perito Moreno Glacier in Patagonia. Weâve sent robotic probes to every planet in this solar system. Earth is BY FAR the best one. We go to space to save the Earth. @BlueOrigin #NoPlanB #GradatimFerociter https://t.co/8esV18orcJ,en,Tweet,10,14093,2817,734,,2018-02-03 16:30:19,"<a href=""http://twitter.com"" rel=""nofollow"">Twitter Web Client</a>","#NoPlanB,#GradatimFerociter",,photo,https://pbs.twimg.com/media/DVHgqLDVMAAeHjY.jpg,2018-02-03 16:30:19
950156231414394881,"Wishing best of luck tonight to THE MARVELOUS MRS MAISEL, Rachel Brosnahan, Kevin Bacon, and to the whole cast and crew of THE POST too! #GoldenGlobes https://t.co/UIJriZzmN6",en,Tweet,2,2672,278,610,,2018-01-08 02:04:33,"<a href=""http://twitter.com"" rel=""nofollow"">Twitter Web Client</a>",#GoldenGlobes,,photo,https://pbs.twimg.com/media/DS-h2vOVoAE7vDW.jpg,2018-01-08 02:04:33
946109222135128064,Turns out our Amazon fulfillment center associates in Madrid can danceâ¦ And one got a big surprise at the end! Love it! https://t.co/7MufxruSXe,en,Tweet,6,3479,709,416,,2017-12-27 22:03:11,"<a href=""http://twitter.com"" rel=""nofollow"">Twitter Web Client</a>",,,photo,https://pbs.twimg.com/ext_tw_video_thumb/946093885985394688/pu/img/bCn_8A91HUSmtuT1.jpg,2017-12-27 22:03:11
941467037905272833,First use of our landing pad bot #Blue2D2. @blueorigin https://t.co/Ht2P7yVwEs,en,Tweet,4,2754,591,303,,2017-12-15 02:36:48,"<a href=""http://twitter.com/download/iphone"" rel=""nofollow"">Twitter for iPhone</a>",#Blue2D2,,photo,https://pbs.twimg.com/ext_tw_video_thumb/941466921089753088/pu/img/l0ZMgm6ageO6b3Uh.jpg,2017-12-15 02:36:48
941465587049406464,"Full video of Mannequin Skywalkerâs ride to space. Unlike him, youâll be able to get out of your seat during the zero gee part of the flight. And ignore the pinging sound â itâs just from one of the experiments on this flight. #NewShepard @blueorigin https://t.co/dJ5VEeaWb6 https://t.co/qGQC1vfW7D",en,Tweet,4,2310,693,251,,2017-12-15 02:31:02,"<a href=""http://twitter.com"" rel=""nofollow"">Twitter Web Client</a>",#NewShepard,https://youtu.be/6ZJghIk7_VA,photo,https://pbs.twimg.com/media/DRDBUD9UQAAr9DF.jpg,2017-12-15 02:31:02
940792988095139841,#NewShepard had a successful first flight of Crew Capsule 2.0 today. Complete with windows and our instrumented test dummy. He had a great ride. @BlueOrigin https://t.co/PZHXWXjuw9,en,Tweet,3,5702,1739,396,,2017-12-13 05:58:22,"<a href=""http://twitter.com/download/iphone"" rel=""nofollow"">Twitter for iPhone</a>",#NewShepard,,photo,https://pbs.twimg.com/ext_tw_video_thumb/940790433545965570/pu/img/3uqpjvPqiw2syZWp.jpg,2017-12-13 05:58:22
936360685788733440,"Of all the news coming out of AWS #reInvent this week, I hope you didnât miss this one. Set a Guinness World Record for largest chicken wing eating competition! Nice! https://t.co/uSfmLOKTU0",en,Tweet,1,2370,569,320,,2017-12-01 00:25:58,"<a href=""http://twitter.com"" rel=""nofollow"">Twitter Web Client</a>",#reInvent,,photo,"https://pbs.twimg.com/media/DP6dje2VAAASYNJ.jpg,https://pbs.twimg.com/media/DP6djrxVAAAObZ-.jpg",2017-12-01 00:25:58
932270037657726976,"Ten years ago today, we launched the first-ever Kindle. Happy 10th birthday @AmazonKindle and thank you to all the Kindle readers and authors! https://t.co/qelfniBSK1",en,Tweet,4,8972,1876,493,,2017-11-19 17:31:12,"<a href=""http://twitter.com"" rel=""nofollow"">Twitter Web Client</a>",,,photo,https://pbs.twimg.com/media/DPAWT7iVAAANOX9.jpg,2017-11-19 17:31:12
930134795304148992,Amazon Prime heads to Middle Earth. https://t.co/QowUmf8t3S https://t.co/YVciEX3u2t,en,Tweet,3,8083,3113,602,,2017-11-13 20:06:30,"<a href=""http://twitter.com"" rel=""nofollow"">Twitter Web Client</a>",,http://phx.corporate-ir.net/phoenix.zhtml?c=176060&p=irol-newsArticle&ID=2316587,photo,https://pbs.twimg.com/media/DOiAi2WUEAE3A1Y.jpg,2017-11-13 20:06:30
929139251152699392,"Thank you and your boys for your service, Casey! https://t.co/1OhL3D4ijJ",en,Tweet,0,1007,106,123,,2017-11-11 02:10:34,"<a href=""http://twitter.com"" rel=""nofollow"">Twitter Web Client</a>",,https://twitter.com/ThigpenCasey/status/928632955852832768,,,2017-11-11 02:10:34
928623239110082560,"Thank you to the 17,500 veterans and military spouses now working at Amazon. We set a goal last year to hire 25,000 of these leaders by 2021, and are on track to hire even more. #VeteransDay https://t.co/1tIiSZrRtQ",en,Tweet,0,5214,911,323,,2017-11-09 16:00:07,"<a href=""http://twitter.com"" rel=""nofollow"">Twitter Web Client</a>",#VeteransDay,,photo,https://pbs.twimg.com/media/DOMhXpvVoAAMEOJ.jpg,2017-11-09 16:00:07
926509741932720128,Congrats to the @BestBuy team on their new Alexa skill. Customers can now find and shop Best Buy deals on Alexa. Nice! https://t.co/wWuvIkvgD1,en,Tweet,0,1764,375,202,,2017-11-03 20:01:50,"<a href=""http://twitter.com"" rel=""nofollow"">Twitter Web Client</a>",,,photo,https://pbs.twimg.com/media/DNufR1uXkAAS-th.jpg,2017-11-03 20:01:50
921439650287423489,And the winner for best news website is â¦ @WashingtonPost. And more. Big congrats to the whole team! #DMNA17 https://t.co/BtridtXjeM,en,Tweet,0,2747,473,269,,2017-10-20 21:15:06,"<a href=""http://twitter.com"" rel=""nofollow"">Twitter Web Client</a>",#DMNA17,,photo,https://pbs.twimg.com/media/DMmcH3SXcAElJvD.jpg,2017-10-20 21:15:06
921114359119560704,First hotfire of our BE-4 engine is a success. Huge kudos to the whole @BlueOrigin team for this important step! #GradatimFerociter https://t.co/0gk6k6WuPx,en,Tweet,1,2846,683,178,,2017-10-19 23:42:31,"<a href=""http://twitter.com"" rel=""nofollow"">Twitter Web Client</a>",#GradatimFerociter,,photo,https://pbs.twimg.com/ext_tw_video_thumb/921113992088580096/pu/img/MZhLjMJrFVo_3CCr.jpg,2017-10-19 23:42:31
920999561564274688,Fun day christening Amazonâs latest wind farm. #RenewableEnergy https://t.co/cTxeXdsFop,en,Tweet,16,16126,4275,756,,2017-10-19 16:06:21,"<a href=""http://twitter.com"" rel=""nofollow"">Twitter Web Client</a>",#RenewableEnergy,,photo,https://pbs.twimg.com/ext_tw_video_thumb/920997131548114945/pu/img/ZI7tXG08Zfn9T2hf.jpg,2017-10-19 16:06:21
915975473573720065,"Long my favorite novel. Teaches pain of regret so well you will think you lived it. Congrats, Mr. Ishiguro, so earned! #NobelPrize https://t.co/VBOyLYlIIi",en,Tweet,13,3155,597,299,,2017-10-05 19:22:25,"<a href=""http://twitter.com"" rel=""nofollow"">Twitter Web Client</a>",#NobelPrize,,photo,https://pbs.twimg.com/media/DLYyT47VYAA67Yw.jpg,2017-10-05 19:22:25
915046109298520064,Amazon plane packed with donation of critical supplies landed earlier today in San Juan. Thank you to all the Amazonians who made it happen. https://t.co/w3ksl0SP25,en,Tweet,1,15225,3280,553,,2017-10-03 05:49:27,"<a href=""http://twitter.com"" rel=""nofollow"">Twitter Web Client</a>",,,photo,https://pbs.twimg.com/media/DLLj9MXWsAI7vrX.jpg,2017-10-03 05:49:27
914951991431880704,Thoughts with all those affected in Las Vegas. So much gratitude to all the police &amp; good Samaritans who put their lives on the line to help,en,Tweet,1,2701,371,144,,2017-10-02 23:35:28,"<a href=""http://twitter.com"" rel=""nofollow"">Twitter Web Client</a>",,,,,2017-10-02 23:35:28
911304409803522048,"Future engineer, 9-year-old Ryan, signs Amazon gold robot he helped build at another ""30 Days, 30 Smiles"" event #BeatPediatricCancer #GoGold https://t.co/EEpa50nNCI",en,Tweet,4,2947,524,161,,2017-09-22 22:01:17,"<a href=""http://twitter.com"" rel=""nofollow"">Twitter Web Client</a>","#BeatPediatricCancer,#GoGold",,photo,https://pbs.twimg.com/media/DKWaYNhXoAA6xXR.jpg,2017-09-22 22:01:17
908124621391618050,".@Amazon supporting â30 Days, 30 Smilesâ with @Accorg. Today, a surprise visit to @BlueOrigin. #BeatPediatricCancer https://t.co/RErtOuuJDm",en,Tweet,1,2312,417,241,,2017-09-14 03:25:56,"<a href=""http://twitter.com"" rel=""nofollow"">Twitter Web Client</a>",#BeatPediatricCancer,,photo,https://pbs.twimg.com/media/DJpOJeRUQAAL9Rd.jpg,2017-09-14 03:25:56
902898556456943616,Alexa has made a new friend https://t.co/r7o46eVJq0,en,Tweet,2,3960,1747,335,,2017-08-30 17:19:25,"<a href=""http://twitter.com"" rel=""nofollow"">Twitter Web Client</a>",,https://www.nytimes.com/2017/08/30/technology/amazon-alexa-microsoft-cortana.html,,,2017-08-30 17:19:25
895714205822730241,A pleasure to host #SecDef James Mattis at Amazon HQ in Seattle today https://t.co/JnQZoSOnFN,en,Tweet,3,4969,1052,705,,2017-08-10 21:31:22,"<a href=""http://twitter.com"" rel=""nofollow"">Twitter Web Client</a>",#SecDef,,photo,https://pbs.twimg.com/media/DG43GvCVYAERC3H.jpg,2017-08-10 21:31:22
895324443500609536,Couldnât happen to a nicer guy. Congratulations @jeffreytambor! https://t.co/543RCTusqX,en,Tweet,1,2067,218,162,,2017-08-09 19:42:36,"<a href=""http://twitter.com"" rel=""nofollow"">Twitter Web Client</a>",,,photo,https://pbs.twimg.com/media/DGzUlx4U0AANER0.jpg,2017-08-09 19:42:36
893628626725294080,Awesome! Good luck this weekend @JimmyShane1! https://t.co/EFor5kuYLn,en,Tweet,1,627,75,132,,2017-08-05 03:24:02,"<a href=""http://twitter.com"" rel=""nofollow"">Twitter Web Client</a>",,https://twitter.com/JimmyShane1/status/893262865817194500,,,2017-08-05 03:24:02
892774250272112641,Incredible turnout to see the first booster ever to fly into space and land vertically upon the Earth. #BlueOrigin #Oshkosh https://t.co/fh9KqVBCUo,en,Tweet,0,3356,719,221,,2017-08-02 18:49:02,"<a href=""http://twitter.com"" rel=""nofollow"">Twitter Web Client</a>","#BlueOrigin,#Oshkosh",,photo,https://pbs.twimg.com/media/DGPFLs3UIAItVkF.jpg,2017-08-02 18:49:02
886779647660179457,Mike Collins cracking us all up last night. https://t.co/bnpHp0ZCK4,en,Tweet,1,1262,148,268,,2017-07-17 05:48:38,"<a href=""http://twitter.com"" rel=""nofollow"">Twitter Web Client</a>",,,photo,https://pbs.twimg.com/media/DE55MbOU0AEpfF-.jpg,2017-07-17 05:48:38
886779328096116736,"Huge thanks from the whole @BlueOrigin team, Buzz https://t.co/LRKyd5ncil",en,Tweet,1,1709,250,114,,2017-07-17 05:47:22,"<a href=""http://twitter.com"" rel=""nofollow"">Twitter Web Client</a>",,https://twitter.com/TheRealBuzz/status/886778900193431552,,,2017-07-17 05:47:22
884475655148011520,Going to Oshkosh? Come sit inside @BlueOriginâs crew capsule and enjoy a simulated ride to space @EAA #OSH17 https://t.co/E6uejQLDgG https://t.co/EjUuY5bdw7,en,Tweet,1,2006,483,189,,2017-07-10 21:13:23,"<a href=""http://twitter.com"" rel=""nofollow"">Twitter Web Client</a>",#OSH17,https://www.eaa.org/en/airventure/eaa-airventure-news-and-multimedia/eaa-airventure-news/eaa-airventure-oshkosh/07-10-2017-blue-origin-to-bring-reusable-rocket-and-crew-capsule-to-airventure-2017,photo,https://pbs.twimg.com/media/DEZJhhtVoAAbznR.jpg,2017-07-10 21:13:23
882786853404893184,This is a gigantic compliment to our teams. Best of luck Haggler in your continuing adventures. #CustomerObsession https://t.co/LyGg3aD5QM,en,Tweet,3,1040,214,141,,2017-07-06 05:22:41,"<a href=""http://twitter.com"" rel=""nofollow"">Twitter Web Client</a>",#CustomerObsession,https://www.nytimes.com/2017/06/22/insider/the-haggler-retires-but-reasons-to-be-an-irate-customer-never-end.html,,,2017-07-06 05:22:41
879046517285310464,"Terrific meeting with @narendramodi. Always impressed, energized by optimism and invention in India. Excited to keep investing and growing. https://t.co/xhQ58dik3y",en,Tweet,0,7761,3252,328,,2017-06-25 21:39:56,"<a href=""http://twitter.com"" rel=""nofollow"">Twitter Web Client</a>",,https://twitter.com/PMOIndia/status/879008919816855552,,,2017-06-25 21:39:56
876806972619673600,Amazing to share this moment with the @BlueOrigin team and my family. https://t.co/1fgM9jExs9,en,Tweet,1,1109,164,241,,2017-06-19 17:20:47,"<a href=""http://twitter.com"" rel=""nofollow"">Twitter Web Client</a>",,https://twitter.com/blueorigin/status/876803940330766336,,,2017-06-19 17:20:47
876568434397429760,"And hereâs me and my dad. Iâm a very lucky son. I love you, Dad. #FathersDay https://t.co/mEBsN88DLG",en,Tweet,2,2866,156,218,,2017-06-19 01:32:55,"<a href=""http://twitter.com"" rel=""nofollow"">Twitter Web Client</a>",#FathersDay,,photo,https://pbs.twimg.com/media/DCoyQQNUMAA32P0.jpg,2017-06-19 01:32:55
876567491941498880,"Flipping pancakes, Lego Saturn V, Wonder Woman matinee. Love being a dad. #FathersDay https://t.co/L9Q7zW1p0A",en,Tweet,1,2590,192,124,,2017-06-19 01:29:10,"<a href=""http://twitter.com"" rel=""nofollow"">Twitter Web Client</a>",#FathersDay,,photo,https://pbs.twimg.com/media/DCowhcOUAAED0vh.jpg,2017-06-19 01:29:10
875418348598603776,Request for ideasâ¦ https://t.co/j6D68mhseL,en,Tweet,41,20225,8743,41950,,2017-06-15 21:22:53,"<a href=""http://twitter.com"" rel=""nofollow"">Twitter Web Client</a>",,,photo,https://pbs.twimg.com/media/DCYbVHkUMAEwSdK.jpg,2017-06-15 21:22:53
875012301836832768,Rooftop #solar panels at our 1 million-square-foot fulfillment center in Baltimore now live. 50+ solar FCs will come online by 2020. https://t.co/eUpoxZ0eTt,en,Tweet,2,2835,683,259,,2017-06-14 18:29:24,"<a href=""http://twitter.com"" rel=""nofollow"">Twitter Web Client</a>",#solar,,photo,"https://pbs.twimg.com/media/DCSqr5_UIAEE3OT.jpg,https://pbs.twimg.com/media/DCSqtBLU0AAL46-.jpg,https://pbs.twimg.com/media/DCSqt-0UIAAzYo6.jpg,https://pbs.twimg.com/media/DCSqu6lVoAAJcaE.jpg",2017-06-14 18:29:24
874337020117569536,"Congrats to Jeff on his long-term leadership. John, you have size 20 shoes to fill! GE remains an American gem. https://t.co/oFF4yp9J4e",en,Tweet,0,916,195,83,,2017-06-12 21:46:04,"<a href=""http://twitter.com"" rel=""nofollow"">Twitter Web Client</a>",,https://www.washingtonpost.com/business/ge-ceo-immelt-stepping-down-flannery-to-take-over-role/2017/06/12/13d2e08e-4f63-11e7-b74e-0d2785d3083d_story.html,,,2017-06-12 21:46:04
866004720984272896,Super fun morning talking rockets with a very cool group of students. Great questions. Thx to all the students and to @museumofflight! https://t.co/adXbn3bdon,en,Tweet,1,990,154,132,,2017-05-20 21:56:29,"<a href=""http://twitter.com"" rel=""nofollow"">Twitter Web Client</a>",,https://twitter.com/museumofflight/status/865966078425350144,,,2017-05-20 21:56:29
863867801181855744,"I won the lottery with my mom. Thanks for literally everything, Mom. https://t.co/gEuVgxotdw",en,Tweet,4,4717,402,280,,2017-05-15 00:25:08,"<a href=""http://twitter.com"" rel=""nofollow"">Twitter Web Client</a>",,,photo,https://pbs.twimg.com/media/C_0TI-NXYAA9z1N.jpg,2017-05-15 00:25:08
860284449195343873,"First plant in the ground at #TheSpheres, 39,999 to go. Public tours start 2018. https://t.co/6Jgo4cLb7o",en,Tweet,2,2035,536,113,,2017-05-05 03:06:10,"<a href=""http://twitter.com"" rel=""nofollow"">Twitter Web Client</a>",#TheSpheres,,photo,"https://pbs.twimg.com/media/C_BX4_NUQAAFG_E.jpg,https://pbs.twimg.com/media/C_BX60EUwAAt_vn.jpg,https://pbs.twimg.com/media/C_BX8syUIAEmG9E.jpg",2017-05-05 03:06:10
848316838446456833,Thanks @TheRealBuzz! That cute little guy is the future! https://t.co/nx75sAUYW8,en,Tweet,1,821,100,130,,2017-04-02 02:31:09,"<a href=""https://mobile.twitter.com"" rel=""nofollow"">Twitter Web App</a>",,https://twitter.com/TheRealBuzz/status/846025808745545730,,,2017-04-02 02:31:09
847523788921032704,My parents rock. https://t.co/uPAJ1SaR4p,en,Tweet,0,2077,334,195,,2017-03-30 21:59:52,"<a href=""http://twitter.com"" rel=""nofollow"">Twitter Web Client</a>",,http://www.geekwire.com/2017/bezos-family-makes-record-breaking-35m-donation-fred-hutch-fund-cancer-research/,,,2017-03-30 21:59:52
847217297257185281,Impossible to express how personally meaningful this is. A dream. Huge kudos to @BlueOrigin team that worked so hard https://t.co/q2P0Lsi81U https://t.co/D56XNkIiBP,en,Tweet,0,1305,307,101,,2017-03-30 01:41:58,"<a href=""http://twitter.com"" rel=""nofollow"">Twitter Web Client</a>",,"https://naa.aero/userfiles/files/documents/Press%20Releases/Collier%20Trophy%202016.pdf,https://twitter.com/NatlAero/status/847178033425498112",,,2017-03-30 01:41:58
843692770405617664,I just got to pilot an awesome (and huge) robot thanks to Hankook Mirae Technology. Nice! #MARS2017 https://t.co/MvN6ghEYFi,en,Tweet,40,5287,2076,420,,2017-03-20 07:16:46,"<a href=""http://twitter.com"" rel=""nofollow"">Twitter Web Client</a>",#MARS2017,,photo,https://pbs.twimg.com/media/C7Vl-gtWkAAkj-Y.jpg,2017-03-20 07:16:46
841342440405577733,"Thanks LA Times for choosing WaPo's Arc Publishing for your digital platform, and kudos to tech team at The Post! https://t.co/zhHgVZvXh1",en,Tweet,0,511,124,69,,2017-03-13 19:37:23,"<a href=""http://twitter.com"" rel=""nofollow"">Twitter Web Client</a>",,http://wapo.st/latimes,,,2017-03-13 19:37:23
840223951842295809,OK. Definitely want to buy a bottle of thisâ¦ https://t.co/saLQyiaV2c,en,Tweet,1,1195,216,87,,2017-03-10 17:32:55,"<a href=""http://twitter.com"" rel=""nofollow"">Twitter Web Client</a>",,https://twitter.com/seattletimes/status/838993874701987841,,,2017-03-10 17:32:55
839468386530824193,Adding to the #NewGlenn launch manifest. Agreement with #OneWeb for five launches initially. Happy to work with you @Greg_Wyler https://t.co/4m5LiTzl9R,en,Tweet,1,910,234,77,,2017-03-08 15:30:34,"<a href=""http://twitter.com"" rel=""nofollow"">Twitter Web Client</a>","#NewGlenn,#OneWeb",,photo,https://pbs.twimg.com/media/C6ZjyXSWQAAvj3k.jpg,2017-03-08 15:30:34
839112645957541890,Excited to announce we have signed our 1st #NewGlenn customer. Welcome to the launch manifest @Eutelsat_SA https://t.co/fTeKKneYnJ,en,Tweet,1,1083,284,85,,2017-03-07 15:56:59,"<a href=""http://twitter.com"" rel=""nofollow"">Twitter Web Client</a>",#NewGlenn,,photo,https://pbs.twimg.com/media/C6UgYYrUsAAu-A-.jpg,2017-03-07 15:56:59
838748973598900225,Hereâs one more shot of BE-4 in its transport cradle. https://t.co/T2HdZ3UtQZ,en,Tweet,1,1864,561,106,,2017-03-06 15:51:53,"<a href=""http://twitter.com"" rel=""nofollow"">Twitter Web Client</a>",,,photo,https://pbs.twimg.com/media/C6PVqvpWMAIDq4V.jpg,2017-03-06 15:51:53
838748139964272640,1st BE-4 engine fully assembled. 2nd and 3rd following close behind. #GradatimFerociter https://t.co/duE4Tnzvkx,en,Tweet,0,1571,533,90,,2017-03-06 15:48:34,"<a href=""http://twitter.com"" rel=""nofollow"">Twitter Web Client</a>",#GradatimFerociter,,photo,https://pbs.twimg.com/media/C6PUsspWYAAVu1Z.jpg,2017-03-06 15:48:34
838151936603926529,"Kudos Palm Coast STEM--new record for tallest self-supporting toy tower. 5k pieces, 14â1â tall using exclusive toy from Amazon seller Qubits https://t.co/argY3eHQay",en,Retweet,0,323,43,45,,2017-03-05 00:19:28,"<a href=""http://twitter.com"" rel=""nofollow"">Twitter Web Client</a>",,,photo,https://pbs.twimg.com/media/C6G2In7UwAAb9wM.jpg,2017-03-05 00:19:28
836968132103262208,Very cool. 7-year-old boy starts own food pantry to help hungry kids https://t.co/vrjyByOAyX,en,Retweet,0,568,152,53,,2017-03-01 17:55:27,"<a href=""https://www.sprinklr.com"" rel=""nofollow"">Sprinklr</a>",,http://amzn.to/2mF7kl1,,,2017-03-01 17:55:27
836077114667446272,Congrats to Casey Affleck on his Best Actor win. So earned. #ManchesterByTheSea #Oscars @AmazonStudios @MBTSMovie,en,Tweet,0,1079,224,85,,2017-02-27 06:54:52,"<a href=""http://twitter.com"" rel=""nofollow"">Twitter Web Client</a>","#ManchesterByTheSea,#Oscars",,,,2017-02-27 06:54:52
836072024577560584,Bravo to Kenny Lonergan on his well-deserved #Oscars win for Best Original Screenplay @AmazonStudios @MBTSMovie,en,Tweet,0,665,125,41,,2017-02-27 06:34:38,"<a href=""http://twitter.com"" rel=""nofollow"">Twitter Web Client</a>",#Oscars,,,,2017-02-27 06:34:38
836049259430555648,#TheSalesman takes home the Oscar for Best Foreign Language Film. Well done Asghar Farhadi and team @AmazonStudios #Oscars,en,Tweet,1,1928,545,76,,2017-02-27 05:04:11,"<a href=""http://twitter.com"" rel=""nofollow"">Twitter Web Client</a>","#TheSalesman,#Oscars",,,,2017-02-27 05:04:11
833113864669519872,Excited to share our urban campus with this terrific organization @FareStart https://t.co/SNJkMK6hz5,en,Tweet,1,810,178,75,,2017-02-19 02:39:58,"<a href=""http://twitter.com"" rel=""nofollow"">Twitter Web Client</a>",,https://twitter.com/seatimesbiz/status/832266754835505152,,,2017-02-19 02:39:58
831586053915963393,"Love this story https://t.co/PwXQSZ9Xaw of not 1, but 4 couples, who met @ Amazon FC in KY. Love is in the airâ¦ Happy Valentine's day! https://t.co/rn3ctg98Qu",en,Tweet,4,704,99,61,,2017-02-14 21:29:00,"<a href=""http://twitter.com"" rel=""nofollow"">Twitter Web Client</a>",,http://www.wave3.com/story/34498260/4-couples-find-love-working-side-by-side-at-amazon,photo,https://pbs.twimg.com/media/C4pis9KUMAAD7QN.jpg,2017-02-14 21:29:00
829098772416192512,"And on the NYPost article, if anybody knows how to get 20% margins in groceries, call me! :)",en,Tweet,0,1726,397,216,,2017-02-08 00:45:25,"<a href=""http://twitter.com"" rel=""nofollow"">Twitter Web Client</a>",,,,,2017-02-08 00:45:25
829054770308485120,".@nypost, whoever your anonymous sources are on this story https://t.co/VFyzGQcOAZ â theyâve mixed up their meds!",en,Tweet,0,1008,400,100,,2017-02-07 21:50:34,"<a href=""http://twitter.com"" rel=""nofollow"">Twitter Web Client</a>",,http://nypost.com/2017/02/05/inside-amazons-robot-run-supermarket-that-needs-just-3-human-workers/,,,2017-02-07 21:50:34
827213980384964608,Buzz Aldrin dropped by Blue Origin HQ to say hi to the team yesterday. Thanks @TheRealBuzz! https://t.co/JiCdI77ij6,en,Tweet,2,1776,377,102,,2017-02-02 19:55:56,"<a href=""http://twitter.com"" rel=""nofollow"">Twitter Web Client</a>",,,photo,https://pbs.twimg.com/media/C3raeuHUEAE8FDo.jpg,2017-02-02 19:55:56
